HEX_ID,WK_MORNING,WK_AFTERNOON,WKND_HOL
H0001,0,0,0
H0002,0,0,0
H0003,0,0,0
H0004,0,0,0
H0005,0,0,0
H0006,0,0,0
H0007,0,0,0
H0008,0,0,0
H0009,0,0,0
H0010,0,0,0
H0011,0,0,0
H0012,0,0,0
H0013,0,0,0
H0014,0,0,0
H0015,0,0,0
H0016,0,0,0
H0017,0,0,0
H0018,0,0,0
H0019,0,0,0
H0020,0,0,0
H0021,308,849,0
H0022,0,0,0
H0023,0,0,0
H0024,0,0,0
H0025,0,0,0
H0026,0,0,0
H0027,0,0,0
H0028,0,0,0
H0029,26,45,0
H0030,0,0,0
H0031,0,0,0
H0032,0,0,0
H0033,0,0,0
H0034,0,0,0
H0035,0,0,0
H0036,0,0,0
H0037,0,0,0
H0038,0,0,0
H0039,0,0,0
H0040,74,223,0
H0041,103,264,0
H0042,0,0,0
H0043,0,0,0
H0044,0,0,0
H0045,0,0,0
H0046,0,0,0
H0047,0,0,0
H0048,193,736,0
H0049,1131,3024,0
H0050,2879,1610,0
H0051,761,170,0
H0052,0,0,0
H0053,0,0,0
H0054,0,0,0
H0055,0,0,0
H0056,0,0,0
H0057,0,0,0
H0058,0,0,0
H0059,241,2258,0
H0060,1227,3840,0
H0061,365,1176,0
H0062,4881,6246,0
H0063,191,964,0
H0064,0,0,0
H0065,0,0,0
H0066,0,0,0
H0067,0,0,0
H0068,0,0,0
H0069,2848,3400,0
H0070,150,1749,0
H0071,288,2984,0
H0072,2962,4484,0
H0073,168,1288,0
H0074,345,2341,0
H0075,0,0,0
H0076,0,0,0
H0077,0,0,0
H0078,0,0,0
H0079,0,0,0
H0080,0,0,0
H0081,0,0,0
H0082,576,1114,0
H0083,353,1179,0
H0084,0,0,0
H0085,1018,4400,0
H0086,3098,1714,0
H0087,33402,9584,0
H0088,0,0,0
H0089,0,0,0
H0090,0,0,0
H0091,0,0,0
H0092,0,0,0
H0093,0,0,0
H0094,0,0,0
H0095,0,0,0
H0096,0,0,0
H0097,0,0,0
H0098,250,3072,0
H0099,265,1167,0
H0100,925,1382,0
H0101,0,0,0
H0102,0,0,0
H0103,0,0,0
H0104,0,0,0
H0105,0,0,0
H0106,0,0,0
H0107,0,0,0
H0108,0,0,0
H0109,41,120,0
H0110,0,0,0
H0111,439,3283,0
H0112,19612,8285,0
H0113,22,26,0
H0114,0,0,0
H0115,0,0,0
H0116,0,0,0
H0117,0,0,0
H0118,0,0,0
H0119,0,0,0
H0120,0,0,0
H0121,0,0,0
H0122,0,0,0
H0123,0,0,0
H0124,0,0,0
H0125,21062,3629,0
H0126,1048,5379,0
H0127,0,0,0
H0128,0,0,0
H0129,0,0,0
H0130,0,0,0
H0131,0,0,0
H0132,0,0,0
H0133,0,0,0
H0134,0,0,0
H0135,15,884,0
H0136,16259,1666,0
H0137,2391,6672,0
H0138,29,160,0
H0139,0,0,0
H0140,0,0,0
H0141,0,0,0
H0142,0,0,0
H0143,0,0,0
H0144,0,0,0
H0145,0,0,0
H0146,0,0,0
H0147,0,0,0
H0148,82,2801,0
H0149,846,3474,0
H0150,84,353,0
H0151,0,0,0
H0152,0,0,0
H0153,0,0,0
H0154,0,0,0
H0155,0,0,0
H0156,0,0,0
H0157,0,0,0
H0158,0,0,0
H0159,631,4948,0
H0160,3858,3864,0
H0161,735,3181,0
H0162,0,0,0
H0163,0,0,0
H0164,0,0,0
H0165,0,0,0
H0166,0,0,0
H0167,0,0,0
H0168,0,0,0
H0169,0,0,0
H0170,0,0,0
H0171,58,851,0
H0172,243,3158,0
H0173,432,2987,0
H0174,0,0,0
H0175,0,0,0
H0176,0,0,0
H0177,0,0,0
H0178,0,0,0
H0179,0,0,0
H0180,0,0,0
H0181,0,0,0
H0182,0,0,0
H0183,0,0,0
H0184,0,0,0
H0185,385,4318,0
H0186,7543,1440,0
H0187,0,0,0
H0188,0,0,0
H0189,0,0,0
H0190,0,0,0
H0191,0,0,0
H0192,0,0,0
H0193,0,0,0
H0194,0,0,0
H0195,0,0,0
H0196,0,0,0
H0197,0,0,0
H0198,0,0,0
H0199,0,0,0
H0200,0,0,0
H0201,1110,3953,0
H0202,158,2362,0
H0203,514,5392,0
H0204,0,0,0
H0205,0,0,0
H0206,0,0,0
H0207,0,0,0
H0208,0,0,0
H0209,0,0,0
H0210,0,0,0
H0211,0,0,0
H0212,0,0,0
H0213,0,0,0
H0214,0,0,0
H0215,0,0,0
H0216,0,0,0
H0217,332,1488,0
H0218,93,407,0
H0219,822,3586,0
H0220,536,2357,0
H0221,0,0,0
H0222,0,0,0
H0223,0,0,0
H0224,0,0,0
H0225,0,0,0
H0226,0,0,0
H0227,0,0,0
H0228,0,0,0
H0229,0,0,0
H0230,0,0,0
H0231,0,0,0
H0232,0,0,0
H0233,0,0,0
H0234,803,9082,0
H0235,636,6519,0
H0236,0,0,0
H0237,0,0,0
H0238,0,0,0
H0239,0,0,0
H0240,0,0,0
H0241,0,0,0
H0242,0,0,0
H0243,0,0,0
H0244,0,0,0
H0245,0,0,0
H0246,0,0,0
H0247,0,0,0
H0248,0,0,0
H0249,0,0,0
H0250,0,0,0
H0251,450,1544,0
H0252,938,7031,0
H0253,150767,49092,0
H0254,178,10640,0
H0255,9,583,0
H0256,0,0,0
H0257,0,0,0
H0258,0,0,0
H0259,0,0,0
H0260,0,0,0
H0261,0,0,0
H0262,0,0,0
H0263,0,0,0
H0264,0,0,0
H0265,0,0,0
H0266,0,0,0
H0267,0,0,0
H0268,770,2582,0
H0269,190,2525,0
H0270,4448,6724,0
H0271,0,0,0
H0272,870,45934,0
H0273,0,0,0
H0274,0,0,0
H0275,0,0,0
H0276,0,0,0
H0277,0,0,0
H0278,0,0,0
H0279,0,0,0
H0280,0,0,0
H0281,0,0,0
H0282,0,0,0
H0283,0,0,0
H0284,0,0,0
H0285,211,1617,0
H0286,561,3262,0
H0287,1360,6403,0
H0288,558,21249,0
H0289,3006,11309,0
H0290,0,0,0
H0291,0,0,0
H0292,0,0,0
H0293,0,0,0
H0294,0,0,0
H0295,0,0,0
H0296,0,0,0
H0297,0,0,0
H0298,0,0,0
H0299,0,0,0
H0300,0,0,0
H0301,0,0,0
H0302,0,0,0
H0303,589,1494,0
H0304,1034,4502,0
H0305,0,0,0
H0306,3679,8859,0
H0307,1114,3481,0
H0308,20,526,0
H0309,0,0,0
H0310,0,0,0
H0311,0,0,0
H0312,0,0,0
H0313,0,0,0
H0314,0,0,0
H0315,0,0,0
H0316,0,0,0
H0317,0,0,0
H0318,0,0,0
H0319,0,0,0
H0320,210,414,0
H0321,601,3077,0
H0322,1399,6830,0
H0323,71561,30489,0
H0324,1496,5009,0
H0325,0,0,0
H0326,0,0,0
H0327,0,0,0
H0328,0,0,0
H0329,0,0,0
H0330,0,0,0
H0331,0,0,0
H0332,0,0,0
H0333,0,0,0
H0334,0,0,0
H0335,0,0,0
H0336,0,0,0
H0337,0,0,0
H0338,2803,7794,0
H0339,1159,8985,0
H0340,27267,21900,0
H0341,64896,17531,0
H0342,1232,12993,0
H0343,176,1639,0
H0344,0,0,0
H0345,0,0,0
H0346,0,0,0
H0347,0,0,0
H0348,0,0,0
H0349,0,0,0
H0350,0,0,0
H0351,0,0,0
H0352,0,0,0
H0353,224,3426,0
H0354,1259,11037,0
H0355,7964,14418,0
H0356,85103,54580,0
H0357,9541,5033,0
H0358,280,6260,0
H0359,1114,2744,0
H0360,0,0,0
H0361,0,0,0
H0362,0,0,0
H0363,0,0,0
H0364,0,0,0
H0365,0,0,0
H0366,0,0,0
H0367,0,0,0
H0368,0,0,0
H0369,0,0,0
H0370,821,4725,0
H0371,78,551,0
H0372,66112,44850,0
H0373,100664,32987,0
H0374,0,0,0
H0375,90,125,0
H0376,0,0,0
H0377,0,0,0
H0378,0,0,0
H0379,361,4056,0
H0380,0,0,0
H0381,0,0,0
H0382,0,0,0
H0383,0,0,0
H0384,0,0,0
H0385,0,0,0
H0386,307,1341,0
H0387,243,1298,0
H0388,1564,5342,0
H0389,325144,412869,0
H0390,61407,34561,0
H0391,0,0,0
H0392,0,0,0
H0393,0,0,0
H0394,0,0,0
H0395,0,0,0
H0396,91,269,0
H0397,0,0,0
H0398,0,0,0
H0399,0,0,0
H0400,0,0,0
H0401,0,0,0
H0402,0,0,0
H0403,0,0,0
H0404,0,0,0
H0405,0,0,0
H0406,249,844,0
H0407,1713,5833,0
H0408,10572,10416,0
H0409,43340,20990,0
H0410,0,0,0
H0411,39,71,0
H0412,0,0,0
H0413,0,0,0
H0414,0,0,0
H0415,0,0,0
H0416,32,212,0
H0417,50,105,0
H0418,0,0,0
H0419,0,0,0
H0420,0,0,0
H0421,0,0,0
H0422,0,0,0
H0423,0,0,0
H0424,364,3642,0
H0425,1452,17987,0
H0426,24123,17862,0
H0427,7751,9617,0
H0428,0,0,0
H0429,0,0,0
H0430,0,0,0
H0431,0,0,0
H0432,0,0,0
H0433,0,0,0
H0434,31,53,0
H0435,140,185,0
H0436,0,0,0
H0437,0,0,0
H0438,0,0,0
H0439,0,0,0
H0440,0,0,0
H0441,289,1374,0
H0442,232,2399,0
H0443,1435,15820,0
H0444,96553,46497,0
H0445,0,0,0
H0446,98,802,0
H0447,0,0,0
H0448,0,0,0
H0449,0,0,0
H0450,0,0,0
H0451,0,0,0
H0452,0,0,0
H0453,0,0,0
H0454,0,0,0
H0455,0,0,0
H0456,0,0,0
H0457,0,0,0
H0458,0,0,0
H0459,0,0,0
H0460,0,0,0
H0461,0,0,0
H0462,2171,11438,0
H0463,4223,6460,0
H0464,27835,18843,0
H0465,56768,36402,0
H0466,0,0,0
H0467,25016,10734,0
H0468,0,0,0
H0469,0,0,0
H0470,0,0,0
H0471,0,0,0
H0472,0,0,0
H0473,0,0,0
H0474,0,0,0
H0475,0,0,0
H0476,0,0,0
H0477,0,0,0
H0478,0,0,0
H0479,0,0,0
H0480,4483,18067,0
H0481,19175,21051,0
H0482,57428,24009,0
H0483,106310,160813,0
H0484,0,0,0
H0485,0,0,0
H0486,0,0,0
H0487,0,0,0
H0488,0,0,0
H0489,0,0,0
H0490,0,0,0
H0491,0,0,0
H0492,0,0,0
H0493,0,0,0
H0494,0,0,0
H0495,0,0,0
H0496,0,0,0
H0497,0,0,0
H0498,0,0,0
H0499,0,0,0
H0500,0,0,0
H0501,121,762,0
H0502,61655,36639,0
H0503,18680,7451,0
H0504,85542,43950,0
H0505,0,0,0
H0506,1004,6803,0
H0507,0,0,0
H0508,0,0,0
H0509,0,0,0
H0510,0,0,0
H0511,0,0,0
H0512,0,0,0
H0513,0,0,0
H0514,0,0,0
H0515,0,0,0
H0516,0,0,0
H0517,0,0,0
H0518,0,0,0
H0519,0,0,0
H0520,0,0,0
H0521,110,1743,0
H0522,8379,6168,0
H0523,13888,4550,0
H0524,32447,19539,0
H0525,0,0,0
H0526,0,0,0
H0527,0,0,0
H0528,0,0,0
H0529,0,0,0
H0530,0,0,0
H0531,0,0,0
H0532,0,0,0
H0533,0,0,0
H0534,0,0,0
H0535,0,0,0
H0536,0,0,0
H0537,0,0,0
H0538,0,0,0
H0539,0,0,0
H0540,0,0,0
H0541,0,0,0
H0542,0,0,0
H0543,14993,26595,0
H0544,34600,19953,0
H0545,0,0,0
H0546,236,1433,0
H0547,0,0,0
H0548,0,0,0
H0549,0,0,0
H0550,0,0,0
H0551,0,0,0
H0552,0,0,0
H0553,0,0,0
H0554,0,0,0
H0555,0,0,0
H0556,0,0,0
H0557,0,0,0
H0558,5555,17258,0
H0559,1167,650,0
H0560,2076,3933,0
H0561,70477,49411,0
H0562,0,0,0
H0563,0,0,0
H0564,0,0,0
H0565,0,0,0
H0566,0,0,0
H0567,0,0,0
H0568,0,0,0
H0569,88,555,0
H0570,0,0,0
H0571,0,0,0
H0572,0,0,0
H0573,0,0,0
H0574,0,0,0
H0575,320,7434,0
H0576,22902,11148,0
H0577,2072,2000,0
H0578,48699,29563,0
H0579,53576,23213,0
H0580,0,0,0
H0581,103841,34966,0
H0582,488,293,0
H0583,0,0,0
H0584,0,0,0
H0585,0,0,0
H0586,0,0,0
H0587,0,0,0
H0588,0,0,0
H0589,0,0,0
H0590,0,0,0
H0591,0,0,0
H0592,0,0,0
H0593,0,0,0
H0594,48158,15163,0
H0595,121074,147488,0
H0596,43841,37985,0
H0597,60566,32886,0
H0598,6098,695,0
H0599,62476,24451,0
H0600,29344,13670,0
H0601,0,0,0
H0602,0,0,0
H0603,0,0,0
H0604,16,138,0
H0605,0,0,0
H0606,0,0,0
H0607,0,0,0
H0608,0,0,0
H0609,145,747,0
H0610,10141,9249,0
H0611,14956,9166,0
H0612,103192,41676,0
H0613,73006,32182,0
H0614,48024,19979,0
H0615,71256,24596,0
H0616,116155,212136,0
H0617,1178,860,0
H0618,0,0,0
H0619,0,0,0
H0620,3710,2013,0
H0621,0,0,0
H0622,0,0,0
H0623,0,0,0
H0624,796,6173,0
H0625,375,7829,0
H0626,26392,30777,0
H0627,10094,38396,0
H0628,59400,35297,0
H0629,31040,13012,0
H0630,16388,5358,0
H0631,63176,47851,0
H0632,40778,23134,0
H0633,32307,9522,0
H0634,0,0,0
H0635,676,3000,0
H0636,0,0,0
H0637,0,0,0
H0638,0,0,0
H0639,0,0,0
H0640,0,0,0
H0641,572,3557,0
H0642,14663,13390,0
H0643,2791,38497,0
H0644,0,0,0
H0645,140382,193503,0
H0646,35507,32223,0
H0647,39260,25659,0
H0648,0,0,0
H0649,68339,81656,0
H0650,1074,2924,0
H0651,1021,1466,0
H0652,879,1421,0
H0653,0,0,0
H0654,0,0,0
H0655,0,0,0
H0656,0,0,0
H0657,0,0,0
H0658,929,5074,0
H0659,2791,18226,0
H0660,18695,12111,0
H0661,30397,30800,0
H0662,92570,49761,0
H0663,29266,53091,0
H0664,0,0,0
H0665,42664,31760,0
H0666,11783,7469,0
H0667,21935,27856,0
H0668,719,1017,0
H0669,107,949,0
H0670,15,660,0
H0671,0,0,0
H0672,0,0,0
H0673,0,0,0
H0674,0,0,0
H0675,0,0,0
H0676,5726,9225,0
H0677,10723,10868,0
H0678,2273,16028,0
H0679,19971,37629,0
H0680,53306,23832,0
H0681,0,0,0
H0682,51027,31167,0
H0683,44569,17565,0
H0684,1515,1519,0
H0685,4471,10812,0
H0686,778,2140,0
H0687,1717,2580,0
H0688,0,0,0
H0689,0,0,0
H0690,0,0,0
H0691,0,0,0
H0692,0,0,0
H0693,0,0,0
H0694,0,0,0
H0695,0,0,0
H0696,7448,5979,0
H0697,37678,24377,0
H0698,28446,11860,0
H0699,5340,32556,0
H0700,33738,10097,0
H0701,21249,13397,0
H0702,2377,9534,0
H0703,70473,64277,0
H0704,0,0,0
H0705,0,0,0
H0706,0,0,0
H0707,146,122,0
H0708,0,0,0
H0709,0,0,0
H0710,0,0,0
H0711,0,0,0
H0712,0,0,0
H0713,0,0,0
H0714,0,0,0
H0715,0,0,0
H0716,4178,4194,0
H0717,60325,46600,0
H0718,271071,276577,0
H0719,2381,11959,0
H0720,4763,2493,0
H0721,0,0,0
H0722,14164,23834,0
H0723,95327,193164,0
H0724,13872,9214,0
H0725,0,0,0
H0726,619,1492,0
H0727,68237,52808,0
H0728,14150,3028,0
H0729,0,0,0
H0730,0,0,0
H0731,0,0,0
H0732,0,0,0
H0733,0,0,0
H0734,0,0,0
H0735,30,100,0
H0736,18332,33259,0
H0737,102738,67409,0
H0738,19148,11698,0
H0739,1723,1393,0
H0740,4010,2402,0
H0741,21445,17485,0
H0742,7514,8077,0
H0743,51370,20695,0
H0744,0,0,0
H0745,0,0,0
H0746,0,0,0
H0747,1199,4924,0
H0748,98810,32094,0
H0749,0,0,0
H0750,0,0,0
H0751,0,0,0
H0752,0,0,0
H0753,0,0,0
H0754,0,0,0
H0755,0,0,0
H0756,0,0,0
H0757,11044,24652,0
H0758,22606,34336,0
H0759,35328,19112,0
H0760,0,0,0
H0761,37883,22533,0
H0762,2177,1345,0
H0763,6277,6556,0
H0764,81903,48639,0
H0765,58431,22896,0
H0766,0,0,0
H0767,9,136,0
H0768,0,0,0
H0769,18688,18370,0
H0770,153662,132276,0
H0771,0,0,0
H0772,0,0,0
H0773,0,0,0
H0774,0,0,0
H0775,9014,31202,0
H0776,1335,32821,0
H0777,7481,24287,0
H0778,15203,9059,0
H0779,0,0,0
H0780,13454,6676,0
H0781,0,0,0
H0782,17051,5617,0
H0783,15719,10132,0
H0784,0,0,0
H0785,0,0,0
H0786,0,0,0
H0787,63998,82582,0
H0788,68490,37723,0
H0789,0,0,0
H0790,0,0,0
H0791,0,0,0
H0792,0,0,0
H0793,0,0,0
H0794,0,0,0
H0795,17,247,0
H0796,1280,1839,0
H0797,8031,4638,0
H0798,7324,98351,0
H0799,47222,108687,0
H0800,0,0,0
H0801,4796,6672,0
H0802,33890,10865,0
H0803,0,0,0
H0804,0,0,0
H0805,2968,10679,0
H0806,0,0,0
H0807,37715,24481,0
H0808,21790,16620,0
H0809,0,0,0
H0810,0,0,0
H0811,0,0,0
H0812,0,0,0
H0813,3505,33864,0
H0814,1064,18317,0
H0815,31556,44492,0
H0816,7825,6083,0
H0817,32921,34642,0
H0818,0,0,0
H0819,0,0,0
H0820,0,0,0
H0821,0,0,0
H0822,0,0,0
H0823,0,0,0
H0824,0,0,0
H0825,18951,13326,0
H0826,43649,22671,0
H0827,427,684,0
H0828,0,0,0
H0829,0,0,0
H0830,0,0,0
H0831,37337,32734,0
H0832,20704,45797,0
H0833,56529,34362,0
H0834,7140,8956,0
H0835,0,0,0
H0836,0,0,0
H0837,0,0,0
H0838,0,0,0
H0839,0,0,0
H0840,0,0,0
H0841,0,0,0
H0842,41,221,0
H0843,0,0,0
H0844,51304,109810,0
H0845,25610,14086,0
H0846,0,0,0
H0847,0,0,0
H0848,0,0,0
H0849,0,0,0
H0850,3841,2881,0
H0851,405,9844,0
H0852,10542,18644,0
H0853,25918,17350,0
H0854,1449,997,0
H0855,17870,13464,0
H0856,0,0,0
H0857,0,0,0
H0858,0,0,0
H0859,0,0,0
H0860,0,0,0
H0861,494,14330,0
H0862,0,0,0
H0863,20297,8444,0
H0864,247933,392508,0
H0865,10494,2255,0
H0866,0,0,0
H0867,0,0,0
H0868,0,0,0
H0869,470,868,0
H0870,471,3218,0
H0871,74568,74982,0
H0872,3160,3927,0
H0873,256,285,0
H0874,0,0,0
H0875,0,0,0
H0876,0,0,0
H0877,0,0,0
H0878,0,0,0
H0879,0,0,0
H0880,88,71,0
H0881,0,0,0
H0882,55864,25641,0
H0883,22652,13657,0
H0884,0,0,0
H0885,0,0,0
H0886,0,0,0
H0887,13125,32787,0
H0888,10663,18977,0
H0889,1762,2022,0
H0890,25608,36077,0
H0891,4327,3659,0
H0892,4462,6112,0
H0893,0,0,0
H0894,0,0,0
H0895,0,0,0
H0896,0,0,0
H0897,0,0,0
H0898,0,0,0
H0899,218,805,0
H0900,16315,27703,0
H0901,109717,40280,0
H0902,8978,29681,0
H0903,0,0,0
H0904,0,0,0
H0905,551,8439,0
H0906,0,0,0
H0907,5853,5505,0
H0908,69928,56870,0
H0909,0,0,0
H0910,24066,20231,0
H0911,0,0,0
H0912,0,0,0
H0913,0,0,0
H0914,0,0,0
H0915,0,0,0
H0916,0,0,0
H0917,122,293,0
H0918,0,0,0
H0919,89342,25214,0
H0920,70503,31395,0
H0921,1636,11082,0
H0922,0,0,0
H0923,0,0,0
H0924,0,0,0
H0925,9416,94974,0
H0926,34707,43124,0
H0927,22589,21121,0
H0928,16026,9893,0
H0929,0,0,0
H0930,0,0,0
H0931,0,0,0
H0932,0,0,0
H0933,0,0,0
H0934,0,0,0
H0935,0,0,0
H0936,0,0,0
H0937,350,750,0
H0938,9571,7492,0
H0939,101909,121874,0
H0940,22973,20804,0
H0941,2884,14115,0
H0942,0,0,0
H0943,0,0,0
H0944,4076,5084,0
H0945,12702,18799,0
H0946,35180,25243,0
H0947,8758,3671,0
H0948,30073,24130,0
H0949,3944,28510,0
H0950,0,0,0
H0951,0,0,0
H0952,0,0,0
H0953,0,0,0
H0954,0,0,0
H0955,0,0,0
H0956,15,298,0
H0957,0,0,0
H0958,23424,23828,0
H0959,59953,28522,0
H0960,6564,18856,0
H0961,2,694,0
H0962,0,0,0
H0963,0,0,0
H0964,29123,13099,0
H0965,39353,61851,0
H0966,4335,4853,0
H0967,6043,3681,0
H0968,27591,22749,0
H0969,0,0,0
H0970,0,0,0
H0971,0,0,0
H0972,0,0,0
H0973,0,0,0
H0974,0,0,0
H0975,9,238,0
H0976,19,709,0
H0977,0,0,0
H0978,11266,12121,0
H0979,5155,35541,0
H0980,6299,21768,0
H0981,0,0,0
H0982,46767,27064,0
H0983,17071,16386,0
H0984,33053,29490,0
H0985,1699,8433,0
H0986,2161,3522,0
H0987,401,848,0
H0988,0,0,0
H0989,0,0,0
H0990,0,0,0
H0991,0,0,0
H0992,0,0,0
H0993,28,232,0
H0994,0,0,0
H0995,0,0,0
H0996,0,0,0
H0997,29435,22969,0
H0998,170,3352,0
H0999,908,5382,0
H1000,0,0,0
H1001,0,0,0
H1002,13955,6875,0
H1003,68928,75992,0
H1004,1978,3220,0
H1005,0,0,0
H1006,18848,22648,0
H1007,0,0,0
H1008,0,0,0
H1009,0,0,0
H1010,0,0,0
H1011,0,0,0
H1012,0,0,0
H1013,336,104,0
H1014,0,0,0
H1015,0,0,0
H1016,1017,3989,0
H1017,58196,22376,0
H1018,3944,30268,0
H1019,0,0,0
H1020,0,0,0
H1021,11525,26584,0
H1022,37317,102366,0
H1023,8991,12595,0
H1024,10615,18350,0
H1025,0,0,0
H1026,582,1904,0
H1027,58,139,0
H1028,0,0,0
H1029,0,0,0
H1030,0,0,0
H1031,12,48,0
H1032,27258,20325,0
H1033,0,0,0
H1034,0,0,0
H1035,0,0,0
H1036,93408,108222,0
H1037,10253,10066,0
H1038,0,0,0
H1039,0,0,0
H1040,48263,95531,0
H1041,54948,34770,0
H1042,43885,41727,0
H1043,431,892,0
H1044,0,0,0
H1045,2903,5987,0
H1046,397,603,0
H1047,0,0,0
H1048,0,0,0
H1049,0,0,0
H1050,0,0,0
H1051,71,108,0
H1052,6858,13373,0
H1053,668,3484,0
H1054,0,0,0
H1055,3050,7441,0
H1056,58379,48136,0
H1057,0,0,0
H1058,0,0,0
H1059,4,775,0
H1060,29762,22181,0
H1061,78962,70669,0
H1062,22531,25506,0
H1063,7966,17005,0
H1064,12191,19279,0
H1065,0,0,0
H1066,15,71,0
H1067,0,0,0
H1068,522,1965,0
H1069,0,0,0
H1070,79,1711,0
H1071,0,0,0
H1072,95,562,0
H1073,7382,7378,0
H1074,23638,10210,0
H1075,39352,19089,0
H1076,594,2657,0
H1077,0,0,0
H1078,0,0,0
H1079,0,0,0
H1080,0,0,0
H1081,40445,21079,0
H1082,86828,100573,0
H1083,9086,12141,0
H1084,5542,11414,0
H1085,28367,27847,0
H1086,0,0,0
H1087,0,0,0
H1088,16471,9202,0
H1089,9519,8131,0
H1090,8327,28977,0
H1091,0,0,0
H1092,2375,2817,0
H1093,0,0,0
H1094,71293,65026,0
H1095,34160,57358,0
H1096,33694,11093,0
H1097,0,0,0
H1098,0,0,0
H1099,0,0,0
H1100,0,0,0
H1101,0,0,0
H1102,482,1514,0
H1103,13755,5148,0
H1104,23858,26984,0
H1105,49221,152831,0
H1106,9629,9577,0
H1107,0,0,0
H1108,333,738,0
H1109,13546,21039,0
H1110,7954,10591,0
H1111,6936,4498,0
H1112,210,53,0
H1113,88,153,0
H1114,12853,9485,0
H1115,27033,18232,0
H1116,47436,25562,0
H1117,61645,19150,0
H1118,640,1130,0
H1119,0,0,0
H1120,0,0,0
H1121,0,0,0
H1122,0,0,0
H1123,0,0,0
H1124,0,0,0
H1125,25550,29965,0
H1126,33716,40728,0
H1127,2221,15142,0
H1128,12107,22545,0
H1129,5281,12552,0
H1130,2900,5732,0
H1131,0,0,0
H1132,0,0,0
H1133,35359,36448,0
H1134,16832,10466,0
H1135,3939,2744,0
H1136,0,0,0
H1137,130528,188864,0
H1138,127253,171772,0
H1139,21440,12597,0
H1140,458,232,0
H1141,424,899,0
H1142,0,0,0
H1143,0,0,0
H1144,0,0,0
H1145,0,0,0
H1146,4116,9874,0
H1147,33819,47409,0
H1148,12812,15010,0
H1149,2308,20447,0
H1150,15534,17944,0
H1151,12020,12457,0
H1152,13971,21717,0
H1153,30589,28056,0
H1154,12037,10890,0
H1155,51575,27674,0
H1156,10757,8515,0
H1157,0,0,0
H1158,3487,1173,0
H1159,28026,30583,0
H1160,70956,32041,0
H1161,0,0,0
H1162,3456,1599,0
H1163,0,0,0
H1164,0,0,0
H1165,0,0,0
H1166,0,0,0
H1167,22787,36056,0
H1168,17184,40329,0
H1169,14497,68382,0
H1170,24233,19564,0
H1171,20206,35820,0
H1172,12811,26106,0
H1173,4824,10322,0
H1174,36679,24982,0
H1175,44176,18334,0
H1176,27753,25626,0
H1177,512,1403,0
H1178,0,0,0
H1179,91523,32298,0
H1180,36909,14633,0
H1181,11658,11829,0
H1182,0,0,0
H1183,0,0,0
H1184,0,0,0
H1185,0,0,0
H1186,0,0,0
H1187,0,0,0
H1188,4040,10651,0
H1189,30407,86621,0
H1190,7702,19908,0
H1191,0,0,0
H1192,33900,55514,0
H1193,70115,63869,0
H1194,37977,30567,0
H1195,48554,68190,0
H1196,57287,32600,0
H1197,23882,17344,0
H1198,9498,33117,0
H1199,0,0,0
H1200,0,0,0
H1201,104068,40805,0
H1202,59306,39971,0
H1203,0,0,0
H1204,0,0,0
H1205,0,0,0
H1206,0,0,0
H1207,0,0,0
H1208,0,0,0
H1209,0,0,0
H1210,11603,76825,0
H1211,17476,67895,0
H1212,47625,96375,0
H1213,10815,29153,0
H1214,25891,20422,0
H1215,163230,216758,0
H1216,25156,28075,0
H1217,58685,34212,0
H1218,201010,297757,0
H1219,100002,58104,0
H1220,4261,46317,0
H1221,0,0,0
H1222,15155,5306,0
H1223,98462,30365,0
H1224,0,0,0
H1225,0,0,0
H1226,0,0,0
H1227,0,0,0
H1228,0,0,0
H1229,0,0,0
H1230,0,0,0
H1231,0,0,0
H1232,0,0,0
H1233,7222,72606,0
H1234,23036,89826,0
H1235,63256,77537,0
H1236,16531,17511,0
H1237,31409,36686,0
H1238,47408,37499,0
H1239,28574,90240,0
H1240,51660,25976,0
H1241,36034,34096,0
H1242,0,0,0
H1243,0,0,0
H1244,0,0,0
H1245,19570,8374,0
H1246,0,0,0
H1247,0,0,0
H1248,0,0,0
H1249,0,0,0
H1250,0,0,0
H1251,0,0,0
H1252,0,0,0
H1253,144,2335,0
H1254,2313,35065,0
H1255,31775,131277,0
H1256,36737,55055,0
H1257,70945,43887,0
H1258,76278,31044,0
H1259,47017,22098,0
H1260,8991,22003,0
H1261,81808,33874,0
H1262,0,0,0
H1263,9542,7796,0
H1264,0,0,0
H1265,0,0,0
H1266,23373,8658,0
H1267,0,0,0
H1268,0,0,0
H1269,0,0,0
H1270,0,0,0
H1271,0,0,0
H1272,1342,9028,0
H1273,3781,41977,0
H1274,26318,42509,0
H1275,29248,26660,0
H1276,71420,30297,0
H1277,35664,34678,0
H1278,6793,5265,0
H1279,57970,27995,0
H1280,17626,51230,0
H1281,2034,1013,0
H1282,0,0,0
H1283,37,1106,0
H1284,0,0,0
H1285,0,0,0
H1286,0,0,0
H1287,0,0,0
H1288,0,0,0
H1289,592,662,0
H1290,5,127,0
H1291,823,9178,0
H1292,8898,27002,0
H1293,34508,66096,0
H1294,57232,50356,0
H1295,35456,21201,0
H1296,4006,4761,0
H1297,1662,1806,0
H1298,13049,21686,0
H1299,0,0,0
H1300,810,815,0
H1301,263,2977,0
H1302,409,7796,0
H1303,0,0,0
H1304,0,0,0
H1305,0,0,0
H1306,0,0,0
H1307,351,363,0
H1308,1,23,0
H1309,0,0,0
H1310,33309,39800,0
H1311,20974,54967,0
H1312,25566,31024,0
H1313,316,683,0
H1314,27537,19606,0
H1315,9963,17009,0
H1316,10568,40581,0
H1317,4186,4982,0
H1318,0,0,0
H1319,0,0,0
H1320,104,2738,0
H1321,0,0,0
H1322,0,0,0
H1323,0,0,0
H1324,0,0,0
H1325,4086,3516,0
H1326,39517,55063,0
H1327,87583,62874,0
H1328,33354,34975,0
H1329,9228,6884,0
H1330,14758,6882,0
H1331,42548,60388,0
H1332,1008,6849,0
H1333,27151,13580,0
H1334,719,6322,0
H1335,0,0,0
H1336,0,0,0
H1337,0,0,0
H1338,9,39,0
H1339,2118,1419,0
H1340,0,0,0
H1341,8901,5357,0
H1342,60745,77973,0
H1343,48713,41891,0
H1344,124488,261897,0
H1345,32827,15120,0
H1346,28488,35174,0
H1347,43951,19250,0
H1348,45494,41921,0
H1349,333,2168,0
H1350,0,0,0
H1351,0,0,0
H1352,0,0,0
H1353,0,0,0
H1354,0,0,0
H1355,1340,3872,0
H1356,79228,48672,0
H1357,3517,22185,0
H1358,35820,21565,0
H1359,28527,40701,0
H1360,21289,17233,0
H1361,98463,56056,0
H1362,22937,23588,0
H1363,66168,30477,0
H1364,172,1052,0
H1365,0,0,0
H1366,0,0,0
H1367,0,0,0
H1368,0,0,0
H1369,0,0,0
H1370,6818,10231,0
H1371,49619,41608,0
H1372,24920,48348,0
H1373,12518,19448,0
H1374,40395,28579,0
H1375,0,0,0
H1376,110541,72844,0
H1377,980,447,0
H1378,1098,527,0
H1379,0,0,0
H1380,0,0,0
H1381,0,0,0
H1382,0,0,0
H1383,2031,7290,0
H1384,51337,29463,0
H1385,24582,23950,0
H1386,6588,10651,0
H1387,19328,12178,0
H1388,6241,5739,0
H1389,65619,25941,0
H1390,64377,27217,0
H1391,32660,10992,0
H1392,0,0,0
H1393,0,0,0
H1394,0,0,0
H1395,0,0,0
H1396,33654,25339,0
H1397,40493,43460,0
H1398,43678,31472,0
H1399,11756,28003,0
H1400,56843,27237,0
H1401,21021,46065,0
H1402,98270,64560,0
H1403,14386,4832,0
H1404,0,0,0
H1405,0,0,0
H1406,0,0,0
H1407,0,0,0
H1408,6142,4532,0
H1409,54383,30652,0
H1410,35872,34580,0
H1411,38851,77418,0
H1412,5931,10875,0
H1413,35333,44611,0
H1414,118401,136938,0
H1415,24841,15379,0
H1416,79739,42911,0
H1417,11201,2700,0
H1418,0,0,0
H1419,0,0,0
H1420,0,0,0
H1421,7285,8083,0
H1422,55293,114519,0
H1423,16129,41569,0
H1424,947,9396,0
H1425,38553,36120,0
H1426,100882,60456,0
H1427,77791,46199,0
H1428,54767,23884,0
H1429,47269,18483,0
H1430,0,0,0
H1431,0,0,0
H1432,5163,4540,0
H1433,22830,19360,0
H1434,481,9557,0
H1435,8571,63089,0
H1436,53,3888,0
H1437,27911,19351,0
H1438,66014,56765,0
H1439,55667,72804,0
H1440,93573,213830,0
H1441,73232,25827,0
H1442,0,0,0
H1443,0,0,0
H1444,13685,19996,0
H1445,48639,53073,0
H1446,29090,43383,0
H1447,5415,3721,0
H1448,709,13966,0
H1449,10574,4504,0
H1450,68609,30469,0
H1451,86708,39962,0
H1452,22981,10863,0
H1453,21483,9456,0
H1454,0,0,0
H1455,13223,9788,0
H1456,16210,11485,0
H1457,24234,18128,0
H1458,23444,55951,0
H1459,958,9010,0
H1460,0,0,0
H1461,11977,2758,0
H1462,34030,13954,0
H1463,149328,137357,0
H1464,80469,156619,0
H1465,14924,8781,0
H1466,37413,90286,0
H1467,81889,88042,0
H1468,88104,56961,0
H1469,0,0,0
H1470,0,0,0
H1471,799,4724,0
H1472,31548,10396,0
H1473,51592,20463,0
H1474,172989,67880,0
H1475,809,4777,0
H1476,0,0,0
H1477,0,0,0
H1478,27347,19187,0
H1479,3634,1748,0
H1480,44782,41327,0
H1481,0,0,0
H1482,0,0,0
H1483,2145,10367,0
H1484,0,0,0
H1485,30360,19130,0
H1486,15222,7120,0
H1487,377,295,0
H1488,47181,34321,0
H1489,10201,8391,0
H1490,45470,16243,0
H1491,367,3149,0
H1492,0,0,0
H1493,0,0,0
H1494,32,84,0
H1495,20705,5193,0
H1496,32506,16929,0
H1497,485,4414,0
H1498,0,0,0
H1499,0,0,0
H1500,11541,8846,0
H1501,40028,46023,0
H1502,57103,60266,0
H1503,0,0,0
H1504,0,0,0
H1505,0,0,0
H1506,11,37,0
H1507,26796,12769,0
H1508,20220,5448,0
H1509,0,0,0
H1510,13816,13801,0
H1511,5335,4370,0
H1512,13021,11969,0
H1513,7581,3619,0
H1514,0,0,0
H1515,0,0,0
H1516,1522,7433,0
H1517,0,0,0
H1518,15584,6388,0
H1519,0,0,0
H1520,0,0,0
H1521,16138,16728,0
H1522,49692,57495,0
H1523,23856,17274,0
H1524,0,0,0
H1525,0,0,0
H1526,31,255,0
H1527,0,0,0
H1528,0,0,0
H1529,0,0,0
H1530,9737,4786,0
H1531,3305,1605,0
H1532,86511,29273,0
H1533,13686,7265,0
H1534,5454,5800,0
H1535,2526,2315,0
H1536,84,1542,0
H1537,0,0,0
H1538,0,0,0
H1539,0,0,0
H1540,0,0,0
H1541,15447,21939,0
H1542,132843,271965,0
H1543,36614,15078,0
H1544,53488,42992,0
H1545,14974,8673,0
H1546,9050,11515,0
H1547,0,0,0
H1548,0,0,0
H1549,0,0,0
H1550,0,0,0
H1551,0,0,0
H1552,0,0,0
H1553,11813,23018,0
H1554,61442,29465,0
H1555,22195,15096,0
H1556,84297,47823,0
H1557,27469,25533,0
H1558,45383,64502,0
H1559,0,0,0
H1560,0,0,0
H1561,0,0,0
H1562,13319,8240,0
H1563,59236,24294,0
H1564,74272,66016,0
H1565,31765,43859,0
H1566,99826,39247,0
H1567,0,0,0
H1568,50131,33319,0
H1569,0,0,0
H1570,0,0,0
H1571,0,0,0
H1572,0,0,0
H1573,25859,17903,0
H1574,55818,22773,0
H1575,15113,9007,0
H1576,51878,76175,0
H1577,38206,18859,0
H1578,63086,33262,0
H1579,0,0,0
H1580,0,0,0
H1581,0,0,0
H1582,0,0,0
H1583,0,0,0
H1584,60274,32629,0
H1585,7878,12808,0
H1586,89276,81267,0
H1587,76379,72451,0
H1588,7764,4107,0
H1589,21883,13844,0
H1590,0,0,0
H1591,0,0,0
H1592,0,0,0
H1593,36946,24486,0
H1594,66408,67041,0
H1595,14255,39681,0
H1596,154988,348341,0
H1597,19199,6707,0
H1598,42981,16170,0
H1599,0,0,0
H1600,0,0,0
H1601,0,0,0
H1602,94,330,0
H1603,1832,1184,0
H1604,13638,29530,0
H1605,40515,17687,0
H1606,50688,21491,0
H1607,53913,88869,0
H1608,807,1013,0
H1609,0,0,0
H1610,0,0,0
H1611,2137,3933,0
H1612,5448,12721,0
H1613,31947,48698,0
H1614,80045,51158,0
H1615,34427,17651,0
H1616,64595,140044,0
H1617,0,0,0
H1618,0,0,0
H1619,0,0,0
H1620,7046,6373,0
H1621,2683,25667,0
H1622,46481,21023,0
H1623,136561,118511,0
H1624,70266,34835,0
H1625,0,0,0
H1626,0,0,0
H1627,0,0,0
H1628,0,0,0
H1629,2688,4778,0
H1630,26198,23202,0
H1631,31285,20674,0
H1632,43146,17598,0
H1633,50283,20014,0
H1634,0,0,0
H1635,0,0,0
H1636,0,0,0
H1637,0,0,0
H1638,15134,23704,0
H1639,10328,9068,0
H1640,39513,18218,0
H1641,40833,29928,0
H1642,2594,850,0
H1643,0,0,0
H1644,0,0,0
H1645,0,0,0
H1646,372,6338,0
H1647,186,1013,0
H1648,6596,24442,0
H1649,26430,18473,0
H1650,0,0,0
H1651,0,0,0
H1652,0,0,0
H1653,0,0,0
H1654,921,20005,0
H1655,2722,12288,0
H1656,14487,14013,0
H1657,15413,16095,0
H1658,75,3071,0
H1659,0,0,0
H1660,0,0,0
H1661,0,0,0
H1662,0,0,0
H1663,0,0,0
H1664,421,4349,0
H1665,1779,1744,0
H1666,2399,21862,0
H1667,603,3790,0
H1668,0,0,0
H1669,0,0,0
H1670,0,0,0
H1671,0,0,0
H1672,0,0,0
H1673,0,0,0
H1674,2903,3003,0
H1675,2674,5309,0
H1676,493,5686,0
H1677,0,0,0
H1678,0,0,0
H1679,0,0,0
H1680,0,0,0
H1681,0,0,0
H1682,12277,19241,0
H1683,0,0,0
H1684,0,0,0
H1685,3313,8497,0
H1686,1864,6675,0
H1687,0,0,0
H1688,0,0,0
H1689,0,0,0
H1690,0,0,0
H1691,2726,5263,0
H1692,0,0,0
H1693,188,2063,0
H1694,0,0,0
H1695,230,868,0
H1696,0,0,0
H1697,0,0,0
H1698,2646,3766,0
H1699,0,0,0
H1700,0,0,0
H1701,0,0,0
H1702,0,0,0
H1703,0,0,0
H1704,10501,16523,0
H1705,0,0,0
H1706,0,0,0
H1707,0,0,0
H1708,0,0,0
H1709,0,0,0
H1710,0,0,0
H1711,24880,75987,0
H1712,0,0,0
H1713,0,0,0
H1714,17,99,0
H1715,0,0,0
H1716,0,0,0
H1717,0,0,0
H1718,0,0,0
H1719,0,0,0
H1720,0,0,0
H1721,0,0,0
H1722,3177,39987,0
H1723,79,1173,0
H1724,0,0,0
H1725,0,0,0
H1726,2654,2351,0
H1727,0,0,0
H1728,0,0,0
H1729,0,0,0
H1730,0,0,0
H1731,1420,5179,0
H1732,1244,6612,0
H1733,0,0,0
H1734,0,0,0
H1735,0,0,0
H1736,0,0,0
H1737,0,0,0
H1738,0,0,0
H1739,0,0,0
H1740,0,0,0
H1741,591,4508,0
H1742,9181,15528,0
H1743,0,0,0
H1744,0,0,0
H1745,0,0,0
H1746,0,0,0
H1747,0,0,0
H1748,0,0,0
H1749,0,0,0
H1750,297,1079,0
H1751,272,1666,0
H1752,0,0,0
H1753,0,0,0
H1754,0,0,0
H1755,0,0,0
H1756,0,0,0
H1757,0,0,0
H1758,0,0,0
H1759,0,0,0
H1760,0,0,0
H1761,0,0,0
H1762,0,0,0
H1763,0,0,0
H1764,0,0,0
H1765,0,0,0
H1766,0,0,0
H1767,0,0,0
H1768,0,0,0
H1769,0,0,0
H1770,0,0,0
H1771,0,0,0
H1772,0,0,0
H1773,0,0,0
H1774,0,0,0
H1775,0,0,0
H1776,0,0,0
H1777,0,0,0
H1778,0,0,0
H1779,0,0,0
H1780,0,0,0
H1781,0,0,0
H1782,0,0,0
H1783,0,0,0
H1784,0,0,0
H1785,0,0,0
H1786,0,0,0
H1787,0,0,0
H1788,0,0,0
H1789,0,0,0
H1790,0,0,0
H1791,0,0,0
H1792,0,0,0
H1793,0,0,0
H1794,0,0,0
H1795,0,0,0
H1796,0,0,0
H1797,0,0,0
H1798,0,0,0
H1799,0,0,0
H1800,0,0,0
H1801,0,0,0
H1802,0,0,0
H1803,0,0,0
H1804,0,0,0
H1805,0,0,0
H1806,0,0,0
H1807,0,0,0
H1808,0,0,0
H1809,0,0,0
H1810,0,0,0
H1811,0,0,0
H1812,0,0,0
H1813,0,0,0
H1814,0,0,0
H1815,0,0,0
H1816,0,0,0
H1817,0,0,0
H1818,0,0,0
H1819,0,0,0
H1820,0,0,0
H1821,0,0,0
H1822,0,0,0
H1823,0,0,0
H1824,0,0,0
H1825,0,0,0
H1826,0,0,0
H1827,0,0,0
H1828,0,0,0
H1829,0,0,0
H1830,0,0,0
H1831,0,0,0
H1832,0,0,0
H1833,0,0,0
H1834,0,0,0
H1835,0,0,0
H1836,0,0,0
H1837,0,0,0
H1838,0,0,0
H1839,0,0,0
H1840,0,0,0
H1841,0,0,0
H1842,0,0,0
H1843,0,0,0
H1844,0,0,0
H1845,0,0,0
H1846,0,0,0
H1847,0,0,0
H1848,0,0,0
H1849,0,0,0
H1850,0,0,0
H1851,0,0,0
H1852,0,0,0
H1853,0,0,0
H1854,0,0,0
H1855,0,0,0
H1856,0,0,0
H1857,0,0,0
H1858,0,0,0
H1859,0,0,0
H1860,0,0,0
H1861,0,0,0
H1862,0,0,0
H1863,0,0,0
H1864,0,0,0
H1865,0,0,0
H1866,0,0,0
H1867,0,0,0
H1868,0,0,0
H1869,0,0,0
H1870,0,0,0
H1871,0,0,0
H1872,0,0,0
H1873,0,0,0
H1874,0,0,0
H1875,0,0,0
H1876,0,0,0
H1877,0,0,0
H1878,0,0,0
H1879,0,0,0
H1880,0,0,0
H1881,0,0,0
H1882,0,0,0
H1883,0,0,0
H1884,0,0,0
H1885,0,0,0
H1886,0,0,0
H1887,0,0,0
H1888,0,0,0
H1889,0,0,0
H1890,0,0,0
H1891,0,0,0
H1892,0,0,0
H1893,0,0,0
H1894,0,0,0
H1895,0,0,0
H1896,0,0,0
H1897,0,0,0
H1898,0,0,0
H1899,0,0,0
H1900,0,0,0
H1901,0,0,0
H1902,0,0,0
H1903,0,0,0
H1904,0,0,0
H1905,0,0,0
H1906,0,0,0
H1907,0,0,0
H1908,0,0,0
H1909,0,0,0
H1910,0,0,0
H1911,0,0,0
H1912,0,0,0
H1913,0,0,0
H1914,0,0,0
H1915,0,0,0
H1916,0,0,0
H1917,0,0,0
H1918,0,0,0
H1919,0,0,0
H1920,0,0,0
H1921,0,0,0
H1922,0,0,0
H1923,0,0,0
H1924,0,0,0
H1925,0,0,0
H1926,0,0,0
H1927,0,0,0
H1928,0,0,0
H1929,0,0,0
H1930,0,0,0
H1931,0,0,0
H1932,0,0,0
H1933,0,0,0
H1934,0,0,0
H1935,0,0,0
H1936,0,0,0
H1937,0,0,0
H1938,0,0,0
H1939,0,0,0
H1940,0,0,0
H1941,0,0,0
H1942,0,0,0
H1943,0,0,0
H1944,0,0,0
H1945,0,0,0
